Workbook

Sheet МЭС 3 цк
A2: Составляющие предельных уровней нерегулируемых цен
A3: за расчетный период | B3: июль 2025
A4: для ГТП | B4: PMOSENER
A5: участника оптового рынка | B5: АО "Мосэнергосбыт"
A9: Средневзвешенная нерегулируемая цена на мощность на оптовом рынке, руб/МВт | B9: 937404,45
A11: дата | B11: час | C11: Дифференцированная по часам расчетного периода нерегулируемая цена на электрическую энергию на оптовом рынке, определяемая по результатам конкурентного отбора ценовых заявок на сутки вперед и конкурентного отбора заявок для балансирования системы, руб/МВтч | E11: Россети передача (одноставочный) | F11: Сб. надбавка | G11: Инфр | H11: МЭС, руб./МВтч | J11: Часовки КСЗ, МВт | L11: Итого, руб
J13: =SUM(J14:J757) -> 0 | L13: =SUM(L14:L757) -> 0
A14: 01.07.2025 | B14: 0 | C14: 0 | E14: 2717.71 | F14: 367.83 | G14: 4.8 | H14: =C14+E14+F14+G14+0.01 -> 3090.35 | J14: 0 | L14: =J14*H14 -> 0
A15: 01.07.2025 | B15: 1 | C15: 0 | E15: 2717.71 | F15: 367.83 | G15: 4.8 | H15: =C15+E15+F15+G15+0.01 -> 3090.35 | J15: 0 | L15: =J15*H15 -> 0
A16: 01.07.2025 | B16: 2 | C16: 0 | E16: 2717.71 | F16: 367.83 | G16: 4.8 | H16: =C16+E16+F16+G16+0.01 -> 3090.35 | J16: 0 | L16: =J16*H16 -> 0
A17: 01.07.2025 | B17: 3 | C17: 0 | E17: 2717.71 | F17: 367.83 | G17: 4.8 | H17: =C17+E17+F17+G17+0.01 -> 3090.35 | J17: 0 | L17: =J17*H17 -> 0
A18: 01.07.2025 | B18: 4 | C18: 0 | E18: 2717.71 | F18: 367.83 | G18: 4.8 | H18: =C18+E18+F18+G18+0.01 -> 3090.35 | J18: 0 | L18: =J18*H18 -> 0
A19: 01.07.2025 | B19: 5 | C19: 0 | E19: 2717.71 | F19: 367.83 | G19: 4.8 | H19: =C19+E19+F19+G19+0.01 -> 3090.35 | J19: 0 | L19: =J19*H19 -> 0
A20: 01.07.2025 | B20: 6 | C20: 0 | E20: 2717.71 | F20: 367.83 | G20: 4.8 | H20: =C20+E20+F20+G20+0.01 -> 3090.35 | J20: 0 | L20: =J20*H20 -> 0
A21: 01.07.2025 | B21: 7 | C21: 0 | E21: 2717.71 | F21: 367.83 | G21: 4.8 | H21: =C21+E21+F21+G21+0.01 -> 3090.35 | J21: 0 | L21: =J21*H21 -> 0
A22: 01.07.2025 | B22: 8 | C22: 0 | E22: 2717.71 | F22: 367.83 | G22: 4.8 | H22: =C22+E22+F22+G22+0.01 -> 3090.35 | J22: 0 | L22: =J22*H22 -> 0
A23: 01.07.2025 | B23: 9 | C23: 0 | E23: 2717.71 | F23: 367.83 | G23: 4.8 | H23: =C23+E23+F23+G23+0.01 -> 3090.35 | J23: 0 | L23: =J23*H23 -> 0
A24: 01.07.2025 | B24: 10 | C24: 0 | E24: 2717.71 | F24: 367.83 | G24: 4.8 | H24: =C24+E24+F24+G24+0.01 -> 3090.35 | J24: 0 | L24: =J24*H24 -> 0
A25: 01.07.2025 | B25: 11 | C25: 0 | E25: 2717.71 | F25: 367.83 | G25: 4.8 | H25: =C25+E25+F25+G25+0.01 -> 3090.35 | J25: 0 | L25: =J25*H25 -> 0
... A757: 31.07.2025 | B757: 23 | C757: 0 | E757: 2717.71 | F757: 367.83 | G757: 4.8 | H757: =C757+E757+F757+G757+0.01 -> 3090.35 | J757: 0 | L757: =J757*H757 -> 0
A761: В случае если результатом расчета составляющей предельных уровней нерегулируемых цен (кроме приходящейся на единицу электрической энергии величины разницы предварительных требований и обязательств по результатам конкурентного отбора ценовых заявок на сутки вперед и приходящейся на единицу электрической энергии величины разницы предварительных требований и обязательств по результатам конкурентного отбора заявок для балансирования системы) и иных подлежащих публикации величин в соответствии с подпунктами 1 и 3.3 п. 10.8 Регламента Финансовых расчетов на оптовом рынке э/э является отрицательная величина, то КО публикует вместо отрицательной величины 0
A763: В случае если результатом расчета составляющей предельных уровней нерегулируемых цен и иных, подлежащих публикации величин в соответствии с подпунктами 1 и 3.3 п. 10.8 Регламента Финансовых расчетов на оптовом рынке э/э является неопределенность, то КО публикует вместо неопределенности 0

Sheet МЭС 4 цк
A2: Составляющие предельных уровней нерегулируемых цен
A3: за расчетный период | B3: июль 2025
A4: для ГТП | B4: PMOSENER
A5: участника оптового рынка | B5: АО "Мосэнергосбыт"
A9: Средневзвешенная нерегулируемая цена на мощность на оптовом рынке, руб/МВт | B9: 937404,45
A11: дата | B11: час | C11: Дифференцированная по часам расчетного периода нерегулируемая цена на электрическую энергию на оптовом рынке, определяемая по результатам конкурентного отбора ценовых заявок на сутки вперед и конкурентного отбора заявок для балансирования системы, руб/МВтч | E11: Россети передача (тех. потери) | F11: Сб. надбавка | G11: Инфр | H11: КМА, руб./МВтч | J11: Часовки КСЗ, МВт | L11: Итого, руб
J13: =SUM(J14:J757) -> 0 | L13: =SUM(L14:L757) -> 0
A14: 01.07.2025 | B14: 0 | C14: ='МЭС 3 цк'!C14 -> 0 | E14: 179.13 | F14: 367.83 | G14: 4.8 | H14: =C14+E14+F14+G14+0.01 -> 551.77 | J14: ='МЭС 3 цк'!J14 -> 0 | L14: =J14*H14 -> 0
A15: 01.07.2025 | B15: 1 | C15: ='МЭС 3 цк'!C15 -> 0 | E15: 179.13 | F15: 367.83 | G15: 4.8 | H15: =C15+E15+F15+G15+0.01 -> 551.77 | J15: ='МЭС 3 цк'!J15 -> 0 | L15: =J15*H15 -> 0
A16: 01.07.2025 | B16: 2 | C16: ='МЭС 3 цк'!C16 -> 0 | E16: 179.13 | F16: 367.83 | G16: 4.8 | H16: =C16+E16+F16+G16+0.01 -> 551.77 | J16: ='МЭС 3 цк'!J16 -> 0 | L16: =J16*H16 -> 0
A17: 01.07.2025 | B17: 3 | C17: ='МЭС 3 цк'!C17 -> 0 | E17: 179.13 | F17: 367.83 | G17: 4.8 | H17: =C17+E17+F17+G17+0.01 -> 551.77 | J17: ='МЭС 3 цк'!J17 -> 0 | L17: =J17*H17 -> 0
A18: 01.07.2025 | B18: 4 | C18: ='МЭС 3 цк'!C18 -> 0 | E18: 179.13 | F18: 367.83 | G18: 4.8 | H18: =C18+E18+F18+G18+0.01 -> 551.77 | J18: ='МЭС 3 цк'!J18 -> 0 | L18: =J18*H18 -> 0
A19: 01.07.2025 | B19: 5 | C19: ='МЭС 3 цк'!C19 -> 0 | E19: 179.13 | F19: 367.83 | G19: 4.8 | H19: =C19+E19+F19+G19+0.01 -> 551.77 | J19: ='МЭС 3 цк'!J19 -> 0 | L19: =J19*H19 -> 0
A20: 01.07.2025 | B20: 6 | C20: ='МЭС 3 цк'!C20 -> 0 | E20: 179.13 | F20: 367.83 | G20: 4.8 | H20: =C20+E20+F20+G20+0.01 -> 551.77 | J20: ='МЭС 3 цк'!J20 -> 0 | L20: =J20*H20 -> 0
A21: 01.07.2025 | B21: 7 | C21: ='МЭС 3 цк'!C21 -> 0 | E21: 179.13 | F21: 367.83 | G21: 4.8 | H21: =C21+E21+F21+G21+0.01 -> 551.77 | J21: ='МЭС 3 цк'!J21 -> 0 | L21: =J21*H21 -> 0
A22: 01.07.2025 | B22: 8 | C22: ='МЭС 3 цк'!C22 -> 0 | E22: 179.13 | F22: 367.83 | G22: 4.8 | H22: =C22+E22+F22+G22+0.01 -> 551.77 | J22: ='МЭС 3 цк'!J22 -> 0 | L22: =J22*H22 -> 0
A23: 01.07.2025 | B23: 9 | C23: ='МЭС 3 цк'!C23 -> 0 | E23: 179.13 | F23: 367.83 | G23: 4.8 | H23: =C23+E23+F23+G23+0.01 -> 551.77 | J23: ='МЭС 3 цк'!J23 -> 0 | L23: =J23*H23 -> 0
A24: 01.07.2025 | B24: 10 | C24: ='МЭС 3 цк'!C24 -> 0 | E24: 179.13 | F24: 367.83 | G24: 4.8 | H24: =C24+E24+F24+G24+0.01 -> 551.77 | J24: ='МЭС 3 цк'!J24 -> 0 | L24: =J24*H24 -> 0
A25: 01.07.2025 | B25: 11 | C25: ='МЭС 3 цк'!C25 -> 0 | E25: 179.13 | F25: 367.83 | G25: 4.8 | H25: =C25+E25+F25+G25+0.01 -> 551.77 | J25: ='МЭС 3 цк'!J25 -> 0 | L25: =J25*H25 -> 0
... A757: 31.07.2025 | B757: 23 | C757: ='МЭС 3 цк'!C757 -> 0 | E757: 179.13 | F757: 367.83 | G757: 4.8 | H757: =C757+E757+F757+G757+0.01 -> 551.77 | J757: ='МЭС 3 цк'!J757 -> 0 | L757: =J757*H757 -> 0
A761: В случае если результатом расчета составляющей предельных уровней нерегулируемых цен (кроме приходящейся на единицу электрической энергии величины разницы предварительных требований и обязательств по результатам конкурентного отбора ценовых заявок на сутки вперед и приходящейся на единицу электрической энергии величины разницы предварительных требований и обязательств по результатам конкурентного отбора заявок для балансирования системы) и иных подлежащих публикации величин в соответствии с подпунктами 1 и 3.3 п. 10.8 Регламента Финансовых расчетов на оптовом рынке э/э является отрицательная величина, то КО публикует вместо отрицательной величины 0
A763: В случае если результатом расчета составляющей предельных уровней нерегулируемых цен и иных, подлежащих публикации величин в соответствии с подпунктами 1 и 3.3 п. 10.8 Регламента Финансовых расчетов на оптовом рынке э/э является неопределенность, то КО публикует вместо неопределенности 0

Sheet Лист2

Sheet Лист3
